[{"Car_Brand":"Bmw","Car_Model":"330","Seller_Number":"0897886655","Year_Of_Production":"1999","Kilometer_Count":"200000","Type":0,"Horse_Power":204,"Region_Name":"Varna"},{"Car_Brand":"Volvo","Car_Model":"11","Seller_Number":"0897886655","Year_Of_Production":"1999","Kilometer_Count":"200000","Type":0,"Horse_Power":204,"Region_Name":"Varna"},{"Car_Brand":"Ferrari","Car_Model":"330","Seller_Number":"0897886655","Year_Of_Production":"1999","Kilometer_Count":"200000","Type":0,"Horse_Power":204,"Region_Name":"Varna"},{"Car_Brand":"Vw","Car_Model":"330","Seller_Number":"0897886655","Year_Of_Production":"1999","Kilometer_Count":"200000","Type":0,"Horse_Power":204,"Region_Name":"Varna"}]